{"Mean":{"confidence_interval":{"confidence_level":0.95,"lower_bound":4773526.662542248,"upper_bound":4917914.421508389},"point_estimate":4837936.971185202,"standard_error":37001.803974980634},"Median":{"confidence_interval":{"confidence_level":0.95,"lower_bound":4711746.705882353,"upper_bound":4796726.51124031},"point_estimate":4753552.2034313725,"standard_error":21816.533515945954},"MedianAbsDev":{"confidence_interval":{"confidence_level":0.95,"lower_bound":133498.08487218647,"upper_bound":228018.80563061556},"point_estimate":188844.3680910587,"standard_error":24768.773661646348},"Slope":{"confidence_interval":{"confidence_level":0.95,"lower_bound":4765746.481069009,"upper_bound":4852480.957364001},"point_estimate":4806691.016967637,"standard_error":22122.34409741453},"StdDev":{"confidence_interval":{"confidence_level":0.95,"lower_bound":201750.45560778194,"upper_bound":540607.3787141663},"point_estimate":371454.459371536,"standard_error":94344.30133174031}}