{"Mean":{"confidence_interval":{"confidence_level":0.95,"lower_bound":1326592.708404054,"upper_bound":1393281.9839223626},"point_estimate":1355308.92970752,"standard_error":17237.293092691936},"Median":{"confidence_interval":{"confidence_level":0.95,"lower_bound":1308047.4210526317,"upper_bound":1321430.680871212},"point_estimate":1316258.0870171248,"standard_error":3469.753766302287},"MedianAbsDev":{"confidence_interval":{"confidence_level":0.95,"lower_bound":22174.979749663926,"upper_bound":37312.87827841278},"point_estimate":31804.1746886205,"standard_error":3780.3009641571057},"Slope":{"confidence_interval":{"confidence_level":0.95,"lower_bound":1313321.8158079432,"upper_bound":1329778.3091777053},"point_estimate":1320738.399533028,"standard_error":4210.171011709166},"StdDev":{"confidence_interval":{"confidence_level":0.95,"lower_bound":52305.004154110145,"upper_bound":268154.0778098601},"point_estimate":173672.20194723824,"standard_error":55999.19373911348}}