{"Mean":{"confidence_interval":{"confidence_level":0.95,"lower_bound":3.2364391462079167,"upper_bound":3.4305989740407767},"point_estimate":3.318045378650794,"standard_error":0.05038600656837068},"Median":{"confidence_interval":{"confidence_level":0.95,"lower_bound":3.183035496203473,"upper_bound":3.2180464580310826},"point_estimate":3.2030630654578465,"standard_error":0.008748363555003781},"MedianAbsDev":{"confidence_interval":{"confidence_level":0.95,"lower_bound":0.05394406950606808,"upper_bound":0.09626081172622417},"point_estimate":0.07526395256026165,"standard_error":0.011107817280021883},"Slope":{"confidence_interval":{"confidence_level":0.95,"lower_bound":3.2156191371901848,"upper_bound":3.303413760586552},"point_estimate":3.25545291967044,"standard_error":0.02256876450291867},"StdDev":{"confidence_interval":{"confidence_level":0.95,"lower_bound":0.1349327515932364,"upper_bound":0.7900243740488017},"point_estimate":0.5066456122008203,"standard_error":0.17813724644993628}}