{"Mean":{"confidence_interval":{"confidence_level":0.95,"lower_bound":1248373.162597291,"upper_bound":1345047.7509815132},"point_estimate":1290047.8679205226,"standard_error":25044.359027838953},"Median":{"confidence_interval":{"confidence_level":0.95,"lower_bound":1219011.3641304348,"upper_bound":1235929.6530612244},"point_estimate":1223872.0387362638,"standard_error":4509.896343352479},"MedianAbsDev":{"confidence_interval":{"confidence_level":0.95,"lower_bound":19386.67002886733,"upper_bound":35011.840915036344},"point_estimate":25816.384452754388,"standard_error":3803.5694052676795},"Slope":{"confidence_interval":{"confidence_level":0.95,"lower_bound":1233552.3215785723,"upper_bound":1270608.175060016},"point_estimate":1250265.905399734,"standard_error":9525.771147489371},"StdDev":{"confidence_interval":{"confidence_level":0.95,"lower_bound":78845.94197723344,"upper_bound":389441.21951959626},"point_estimate":251519.0263737267,"standard_error":81783.08131675117}}