{"Mean":{"confidence_interval":{"confidence_level":0.95,"lower_bound":1234247.6817067594,"upper_bound":1316704.4991783542},"point_estimate":1269461.2293462483,"standard_error":21342.487963539083},"Median":{"confidence_interval":{"confidence_level":0.95,"lower_bound":1217123.1818181819,"upper_bound":1231137.888888889},"point_estimate":1223343.4259493672,"standard_error":3562.368064043053},"MedianAbsDev":{"confidence_interval":{"confidence_level":0.95,"lower_bound":17426.209788745124,"upper_bound":30343.927210970603},"point_estimate":23348.508002147817,"standard_error":3293.9547814373154},"Slope":{"confidence_interval":{"confidence_level":0.95,"lower_bound":1227418.2479585689,"upper_bound":1279850.3595941886},"point_estimate":1247653.2899601005,"standard_error":14168.048762339411},"StdDev":{"confidence_interval":{"confidence_level":0.95,"lower_bound":55028.777657659266,"upper_bound":322982.8657126986},"point_estimate":214109.3713130322,"standard_error":70506.2948684135}}