{"Mean":{"confidence_interval":{"confidence_level":0.95,"lower_bound":358802.09534493665,"upper_bound":387081.4008080917},"point_estimate":370042.25924445584,"standard_error":7452.552059230042},"Median":{"confidence_interval":{"confidence_level":0.95,"lower_bound":350657.13333333336,"upper_bound":360661.2453703704},"point_estimate":353997.01415133954,"standard_error":2194.3775184006613},"MedianAbsDev":{"confidence_interval":{"confidence_level":0.95,"lower_bound":9969.097083835277,"upper_bound":18239.124585281723},"point_estimate":13221.10232383232,"standard_error":1998.132686457461},"Slope":{"confidence_interval":{"confidence_level":0.95,"lower_bound":351061.92904562573,"upper_bound":359085.75626068586},"point_estimate":354745.9161666913,"standard_error":2046.893739668333},"StdDev":{"confidence_interval":{"confidence_level":0.95,"lower_bound":19387.20466693198,"upper_bound":122733.68211096284},"point_estimate":75060.53737884019,"standard_error":31891.331059771604}}