{"Mean":{"confidence_interval":{"confidence_level":0.95,"lower_bound":21277.47078616165,"upper_bound":23213.10310752636},"point_estimate":22119.07950486007,"standard_error":499.3447887819593},"Median":{"confidence_interval":{"confidence_level":0.95,"lower_bound":20690.26494202536,"upper_bound":21232.342181776556},"point_estimate":20954.04827835648,"standard_error":160.73464513957427},"MedianAbsDev":{"confidence_interval":{"confidence_level":0.95,"lower_bound":464.38246501571683,"upper_bound":1080.6446109991616},"point_estimate":810.4619265411579,"standard_error":169.38054296336628},"Slope":{"confidence_interval":{"confidence_level":0.95,"lower_bound":20918.864079819738,"upper_bound":21412.275873755632},"point_estimate":21151.36591965913,"standard_error":126.19071658884303},"StdDev":{"confidence_interval":{"confidence_level":0.95,"lower_bound":1124.1523949803302,"upper_bound":7479.376897724243},"point_estimate":5037.622410457598,"standard_error":1547.5199770922716}}