{"Mean":{"confidence_interval":{"confidence_level":0.95,"lower_bound":6351280.279885795,"upper_bound":6750150.457661049},"point_estimate":6497905.3184524765,"standard_error":112153.63573241583},"Median":{"confidence_interval":{"confidence_level":0.95,"lower_bound":6303631.388311688,"upper_bound":6357166.833333333},"point_estimate":6328314.6657754015,"standard_error":14722.892945305935},"MedianAbsDev":{"confidence_interval":{"confidence_level":0.95,"lower_bound":88782.37494849628,"upper_bound":147307.7546494788},"point_estimate":114674.55947086966,"standard_error":15023.061249448763},"Slope":{"confidence_interval":{"confidence_level":0.95,"lower_bound":6346337.696344667,"upper_bound":6533889.717717505},"point_estimate":6423256.208000591,"standard_error":49163.71920561237},"StdDev":{"confidence_interval":{"confidence_level":0.95,"lower_bound":145689.3903673657,"upper_bound":1905059.1374349652},"point_estimate":1127500.9592582614,"standard_error":584903.4202099156}}