{"Mean":{"confidence_interval":{"confidence_level":0.95,"lower_bound":17020464.038453564,"upper_bound":17792604.84194372},"point_estimate":17377619.18646869,"standard_error":197731.7024837706},"Median":{"confidence_interval":{"confidence_level":0.95,"lower_bound":16512172.4,"upper_bound":16823893.913043477},"point_estimate":16702523.182519816,"standard_error":83572.40883285609},"MedianAbsDev":{"confidence_interval":{"confidence_level":0.95,"lower_bound":378596.9194121455,"upper_bound":750214.0180879311},"point_estimate":577773.4021678653,"standard_error":97816.10472917196},"Slope":{"confidence_interval":{"confidence_level":0.95,"lower_bound":16756609.269062243,"upper_bound":17500057.476521194},"point_estimate":17084628.660466973,"standard_error":190253.58003893934},"StdDev":{"confidence_interval":{"confidence_level":0.95,"lower_bound":1211800.6550009598,"upper_bound":2694590.646237446},"point_estimate":1988493.8549045238,"standard_error":383516.66235799383}}