{"Mean":{"confidence_interval":{"confidence_level":0.95,"lower_bound":3081.9345393896438,"upper_bound":3329.4446513927187},"point_estimate":3189.2362462874316,"standard_error":63.51548412169606},"Median":{"confidence_interval":{"confidence_level":0.95,"lower_bound":3006.825760357053,"upper_bound":3044.66750334672},"point_estimate":3026.941731817105,"standard_error":8.816956068029233},"MedianAbsDev":{"confidence_interval":{"confidence_level":0.95,"lower_bound":64.1051910841275,"upper_bound":108.73299772582361},"point_estimate":87.31194297371256,"standard_error":11.361369213102044},"Slope":{"confidence_interval":{"confidence_level":0.95,"lower_bound":3042.7226428225786,"upper_bound":3133.674947632227},"point_estimate":3084.087461748307,"standard_error":23.238273497225883},"StdDev":{"confidence_interval":{"confidence_level":0.95,"lower_bound":184.23857761518025,"upper_bound":953.9207552080684},"point_estimate":639.690408306634,"standard_error":189.35804499311072}}