{"Mean":{"confidence_interval":{"confidence_level":0.95,"lower_bound":4443.232797188123,"upper_bound":4746.0712363646},"point_estimate":4564.651330904498,"standard_error":79.405874429453},"Median":{"confidence_interval":{"confidence_level":0.95,"lower_bound":4373.501619332337,"upper_bound":4420.984095105633},"point_estimate":4391.57509292615,"standard_error":14.173077174413404},"MedianAbsDev":{"confidence_interval":{"confidence_level":0.95,"lower_bound":71.13818328271176,"upper_bound":119.85307197433107},"point_estimate":86.37322583287028,"standard_error":12.319425350309098},"Slope":{"confidence_interval":{"confidence_level":0.95,"lower_bound":4418.441208158825,"upper_bound":4644.642061447025},"point_estimate":4518.357135584785,"standard_error":58.187394421303125},"StdDev":{"confidence_interval":{"confidence_level":0.95,"lower_bound":238.86196795287697,"upper_bound":1301.8389748864697},"point_estimate":802.0193448258007,"standard_error":334.0875260891538}}