{"Mean":{"confidence_interval":{"confidence_level":0.95,"lower_bound":6465160.839873226,"upper_bound":6816299.891090544},"point_estimate":6612705.367759775,"standard_error":91148.77785839903},"Median":{"confidence_interval":{"confidence_level":0.95,"lower_bound":6330972.620689655,"upper_bound":6476960.0},"point_estimate":6404327.489698248,"standard_error":40658.05030412291},"MedianAbsDev":{"confidence_interval":{"confidence_level":0.95,"lower_bound":152403.82224056436,"upper_bound":278438.76618364657},"point_estimate":222512.68119961023,"standard_error":31346.792088967326},"Slope":{"confidence_interval":{"confidence_level":0.95,"lower_bound":6382063.635585915,"upper_bound":6560038.583504533},"point_estimate":6454585.625875573,"standard_error":46250.56667637989},"StdDev":{"confidence_interval":{"confidence_level":0.95,"lower_bound":314112.7601147936,"upper_bound":1438466.6070010099},"point_estimate":916217.9244517531,"standard_error":315754.23021232226}}